{
    "train_loss": [
        0.8721717527426128,
        0.6170396546183873,
        0.551748384163578,
        0.5039682630409819,
        0.4698949109897939,
        0.4419260968023272,
        0.4159406037218789,
        0.39620695229786546,
        0.3876106367309465,
        0.3710768397873653,
        0.35958507148695906,
        0.3477958301300687,
        0.34083765789644044,
        0.3310874365985012,
        0.32243240534115447,
        0.31301001835860676,
        0.3061058913021962,
        0.2990787032443577,
        0.2891260982830641,
        0.2845577743134773,
        0.27761867413642816,
        0.27572739346703484,
        0.27082374745975935,
        0.266463753479376,
        0.25837696122843573,
        0.25796834660618545,
        0.2552990238867335,
        0.253935729707482,
        0.2525086834041803,
        0.2512799031508248
    ],
    "train_acc": [
        53.755,
        68.71333333333334,
        71.91666666666667,
        74.345,
        76.09666666666666,
        77.555,
        79.07,
        79.93833333333333,
        80.64333333333333,
        81.37333333333333,
        82.11666666666666,
        82.625,
        82.94666666666667,
        83.36666666666666,
        83.62666666666667,
        84.225,
        84.57666666666667,
        84.87166666666667,
        85.55333333333333,
        85.565,
        85.91166666666666,
        85.99833333333333,
        86.335,
        86.31666666666666,
        86.79166666666667,
        86.84833333333333,
        86.87833333333333,
        87.08833333333334,
        87.225,
        87.19166666666666
    ],
    "train_cls_loss": [
        1.2006006333619548,
        0.8395411773785345,
        0.7513147657995285,
        0.6881198226643015,
        0.644699258082457,
        0.6088041127490591,
        0.574253495504607,
        0.5481434863513467,
        0.5361566379634556,
        0.513370353275779,
        0.49799446663114305,
        0.4812081563574419,
        0.47198187733001545,
        0.4588281892255934,
        0.44702977212126066,
        0.4336720001278147,
        0.4242024152899094,
        0.41472759747556026,
        0.4005025371686736,
        0.3947006431279152,
        0.38487631060294253,
        0.3822369906249077,
        0.3758305490398204,
        0.36943737234769347,
        0.3580200007792983,
        0.3574652065600413,
        0.35398152705702957,
        0.3521974219251543,
        0.35007458346993175,
        0.34853057277355115
    ],
    "train_rot_loss": [
        0.10583773221987397,
        0.09786945328847177,
        0.08609352147242408,
        0.07428130401826616,
        0.06201812118164766,
        0.052544073799430435,
        0.046543873389805555,
        0.04168838771310315,
        0.04100331909525623,
        0.03905866049261871,
        0.03662983216504171,
        0.036500416843018045,
        0.03483449691918486,
        0.03302569547370235,
        0.0317052291718119,
        0.03146540917861246,
        0.030547352372678614,
        0.029231301183178862,
        0.02924775241661682,
        0.027557758985758463,
        0.027350871041337693,
        0.027205014861484706,
        0.025807889019534277,
        0.026191989527836537,
        0.025876545760311932,
        0.025809017053719904,
        0.02503986362177235,
        0.024658458357029504,
        0.024854926950435268,
        0.024361686384889173
    ],
    "val_loss": [
        0.6025583114050612,
        0.49174970388412476,
        0.3955726887606367,
        0.36437830989119374,
        0.345962502911121,
        0.30883972591991665,
        0.2835383351090588,
        0.2765327635445172,
        0.2724273723514774,
        0.27682363751191125,
        0.24925131718569163,
        0.24447979532842395,
        0.2358810709247106,
        0.22988396222832835,
        0.22278328928389127,
        0.23336513736579992,
        0.21667119888942452,
        0.2125937651041188,
        0.21392585818148865,
        0.20859681352784362,
        0.20418089477321769,
        0.206375120467023,
        0.1941375335371947,
        0.19471825395203843,
        0.18926978007524828,
        0.18811741424135014,
        0.18764274190121058,
        0.18832997515608993,
        0.18725200223771832,
        0.18757523690597921
    ],
    "val_acc": [
        68.54,
        75.64,
        79.87,
        81.62,
        82.73,
        84.84,
        85.41,
        86.22,
        86.73,
        86.2,
        87.5,
        87.79,
        88.42,
        88.3,
        89.07,
        88.16,
        89.32,
        89.31,
        89.0,
        89.08,
        89.74,
        89.59,
        89.91,
        89.92,
        90.39,
        90.36,
        90.31,
        90.29,
        90.3,
        90.29
    ],
    "val_rot_mae": [
        150.36465454101562,
        114.14348602294922,
        84.19319915771484,
        76.79087829589844,
        53.95160675048828,
        32.516029357910156,
        32.74750518798828,
        41.878231048583984,
        45.728858947753906,
        39.107242584228516,
        44.49896240234375,
        34.73984909057617,
        32.02903747558594,
        25.816335678100586,
        31.206893920898438,
        30.099449157714844,
        34.277896881103516,
        31.09348487854004,
        33.37702178955078,
        30.97199058532715,
        41.11659240722656,
        37.18438720703125,
        25.92720603942871,
        29.190011978149414,
        26.362075805664062,
        24.741310119628906,
        25.568096160888672,
        23.925357818603516,
        25.572261810302734,
        24.991756439208984
    ],
    "learning_rate": [
        0.0009972609476841367,
        0.0009890738003669028,
        0.0009755282581475768,
        0.0009567727288213003,
        0.0009330127018922195,
        0.0009045084971874739,
        0.0008715724127386972,
        0.0008345653031794292,
        0.0007938926261462366,
        0.00075,
        0.0007033683215379003,
        0.0006545084971874739,
        0.0006039558454088797,
        0.0005522642316338269,
        0.0005000000000000002,
        0.0004477357683661734,
        0.00039604415459112036,
        0.0003454915028125264,
        0.0002966316784621,
        0.00025000000000000017,
        0.00020610737385376354,
        0.00016543469682057108,
        0.00012842758726130298,
        9.549150281252637e-05,
        6.698729810778068e-05,
        4.322727117869953e-05,
        2.447174185242324e-05,
        1.092619963309716e-05,
        2.7390523158633003e-06,
        0.0
    ]
}